{
    "A11Cpt Elec E5-T-CEL-B18": 1923.0,
    "A12Cpt Elec E5-T-CEL-B19ABF": 2.1,
    "A13Cpt Elec E5-T-CEL-B19CDE": 6307.6,
    "A14Cpt Elec E3-T-CEL-B89": 3786.7000000000007,
    "A17Cpt Eau E7-T-CEA-B10": 0.0,
    "A18Cpt Eau E7-T-CEA-B11": 276.72,
    "A19Cpt Eau E7-T-CEA-B12": 206.01,
    "A20Cpt Eau E7-T-CEA-B13": 380.25,
    "A21Cpt Eau E7-T-CEA-B14-B15": 229.45000000000005,
    "A22Cpt Eau E5-T-CEA-B16": 215.25,
    "A23Cpt Eau E5-T-CEA-B17": 181.24,
    "A24Cpt Eau E9-T-CEA-B19ABC": 6.0,
    "A25Cpt Eau E9-T-CEA-B19D": 3853.0,
    "A26Cpt Eau E9-T-CEA-B20": 0.06,
    "A27Cpt Eau E7-T-CEA-B34": 66.62,
    "A28Cpt Eau E9-T-CEA-B47": 400.7,
    "A29Cpt Eau E3-T-CEA-B49": 69.05,
    "A30Cpt Eau M2-T-CEA-B78": 705.3000000000002,
    "A10Compteur Elec - G\u00c3\u00a9n\u00c3\u00a9ral CP1": 0.0,
    "A16Compteur Eau - D\u00c3\u00a9part CRE": 0.0,
    "A15Compteur Eau - Arriv\u00e9e Principale": 94518.0
}